seqfold,UNAFold,seq
-9.5,-9.5,ACCCCCUCCUUCCUUGGAUCAAGGGGCUCAA
-9.4,-10.1,AAGGGGUUGGUCGCCUCGACUAAGCGGCUUGGAAUUCC
-4.8,-4.3,UUGGAGUACACAACCUGUACACUCUUUC
-51.1,-54.9,UGCCUGGCGGCCGUAGCGCGGUGGUCCCACCUGACCCCAUGCCGAACUCAGAAGUGAAACGCCGUAGCGCCGAUGGUAGUGUGGGGUCUCCCCAUGCGAGAGUAGGGAACUGCCAGGCAU
-3.3,-3.3,AGGGAAAAUCCC
-3.7,-4.6,GCUUACGAGCAAGUUAAGCAAC
-35.7,-32.8,UGGGAGGUCGUCUAACGGUAGGACGGCGGACUCUGGAUCCGCUGGUGGAGGUUCGAGUCCUCCCCUCCCAGCCA
-18.3,-20.7,GGGCGAUGAGGCCCGCCCAAACUGCCCUGAAAAGGGCUGAUGGCCUCUACUG
-33.4,-31.4,GGGGGCAUAGCUCAGCUGGGAGAGCGCCUGCUUUGCACGCAGGAGGUCUGCGGUUCGAUCCCGCGCGCUCCCACCA
-16.9,-14.4,CCGGACGAGGUGCGCCGUACCCGGUCAGGACAAGACGGCGC
-8.6,-9.5,CUUAGAAAGCAAACCUAUAACCGUUCACCGCCGCACAGGCGG
-29.4,-32.2,GGGAGUACGGUGAGGGUCGGGUCCAGUAGGUACGCCUACUGUUGAGUAGAGUGUGGGCUCCGUACUCCC
-23.6,-24.0,AAGUUUGCUAGGGUUCCGCGUCAAGGUGGUCUGGUCCAAGAGCAAACGGCUUUCACAAAGCCACACGGAAGGAUAAAAGCCUGGGAGAU
-9.2,-7.9,GAAGAUAGCCCAAGAAAGAGGGCAAUAACCAGAUAUAGCCUG
-5.0,-6.6,CACCCCAAUAUCGAAGGGGACUAAAACGACAAUCAAACUC
-29.6,-27.0,GCUUUAGAGAUCGUUUCGAAUGAUAAUCGUUCGAAACGUUCUCCGAAGC
-6.9,-12.9,AAAAAGGAAAUGAAAGUUGGAACUGCUCUCAUUUUGGAGGGUAAUCACAACA
-32.5,-36.8,GUGAAAGUGUACCUAGGGUUCCAGCCUAUUUGUAGGUGUUCGGACCGAGCGGUACAGGUAUAUUAUAUACCACACCUUAGGGACAAAAGCCCGAGAGGAUGGUUUCACG
-17.4,-18.7,GGAUGUGAGGCUUCGGCCUCACCGCUCCAUGUGCGA
-32.0,-41.1,GGAAGUGUACCUAGGGAUCCACCUCGAGAGAGGAAGGACCAAGCGGUACAGGCCUACUUCGGUAGGUUACACCGUGGGGAUAAAAGACCCGUGGCAAGUUUCG
-6.3,-6.8,AGGCGCAUUUGAACUGUAUUGUACGCCUUGCAGCAAAAGUACUAAAAAA
